{
  "total_pnl": -214.36482483208238,
  "mean_pnl": -39.58140438143697,
  "std_pnl": 120.27111406838782,
  "median_pnl": -44.34094360444942,
  "min_pnl": -376.0511889048794,
  "max_pnl": 214.2728730028466,
  "sharpe_ratio": -0.008327653120810468,
  "sortino_ratio": -0.014189069420800985,
  "max_drawdown": -16.207454001629735,
  "calmar_ratio": -14.49203579702595,
  "win_rate": 0.5252525252525253,
  "profit_factor": 0.9987084600363579,
  "var_95": -261.6864290930689,
  "cvar_95": -310.94453873001004
}