{
  "total_pnl": -32.10723860373089,
  "mean_pnl": -41.378624917542254,
  "std_pnl": 15.631547685706954,
  "median_pnl": -43.64830202337782,
  "min_pnl": -88.20711075740792,
  "max_pnl": 15.420894545191459,
  "sharpe_ratio": 0.1837688311783951,
  "sortino_ratio": 0.2632806787091329,
  "max_drawdown": -0.0,
  "calmar_ratio": 49.68190146969229,
  "win_rate": 0.494949494949495,
  "profit_factor": 1.0309111814926688,
  "var_95": -34.25311755790008,
  "cvar_95": -56.5626088503725
}