{
  "total_pnl": -135.96897064846053,
  "mean_pnl": -86.71310655204205,
  "std_pnl": 23.54653046585052,
  "median_pnl": -88.79980597532268,
  "min_pnl": -137.9647366110379,
  "max_pnl": -14.252542587267499,
  "sharpe_ratio": -0.3221782120203723,
  "sortino_ratio": -0.5090163325139268,
  "max_drawdown": -0.0,
  "calmar_ratio": -75.8811340509231,
  "win_rate": 0.48484848484848486,
  "profit_factor": 0.9496950168603613,
  "var_95": -55.09950220545322,
  "cvar_95": -69.61791898935016
}